,latitude,longitude,start_count,station,end_count
0,40.65539977447831,-74.0106278657913,359.0,39 St & 2 Ave - Citi Bike HQ at Industry City,368
1,40.65708866668485,-74.00870203971863,597.0,2 Ave & 36 St - Citi Bike HQ at Industry City,614
2,40.6610633719006,-73.97945255041121,3520.0,West Drive & Prospect Park West,3555
3,40.6627059,-73.9569115,534.0,Sterling St & Bedford Ave,529
4,40.6630619,-73.95387459999999,636.0,Rogers Ave & Sterling St,642
5,40.663140000000006,-73.96056949999999,1679.0,Franklin Ave & Empire Blvd,1702
6,40.663779,-73.98396846,1215.0,14 St & 7 Ave,1195
7,40.6642406,-73.9574686,235.0,Sullivan Pl & Bedford Ave,248
8,40.66514681533792,-73.97637605667114,1321.0,Prospect Park West & 8 St,1297
9,40.665816,-73.95693399999999,312.0,Bedford Ave & Montgomery St,302
10,40.666207799999995,-73.98199886,973.0,10 St & 7 Ave,971
11,40.666287,-73.98895053,1528.0,14 St & 5 Ave,1536
12,40.666318100000005,-73.9854617,842.0,6 Ave & 12 St,854
13,40.666439306870814,-73.96055638790129,308.0,Montgomery St & Franklin Ave,296
14,40.6679411,-73.9588,341.0,Carroll St & Franklin Ave,334
15,40.668127,-73.98377641,1286.0,6 Ave & 9 St,1288
16,40.668132,-73.97363831,1810.0,3 St & Prospect Park West,1779
17,40.6685455,-73.99333264,688.0,3 Ave & 14 St,692
18,40.668603000000004,-73.99043940000001,305.0,12 St & 4 Ave,298
19,40.6686273,-73.98700053,836.0,10 St & 5 Ave,841
20,40.668662700000006,-73.97988067,707.0,6 St & 7 Ave,713
21,40.6686744,-73.9618148,436.0,Carroll St & Washington Ave,434
22,40.6691783,-73.9554162,412.0,Union St & Bedford Ave,412
23,40.67038370000001,-73.97839676,1599.0,3 St & 7 Ave,1616
24,40.670483600000004,-73.98208968,679.0,5 St & 6 Ave,685
25,40.670492200000005,-73.98541675,996.0,7 St & 5 Ave,1001
26,40.6705135,-73.98876585,1238.0,4 Ave & 9 St,1256
27,40.670776700000005,-73.9576801,1401.0,Eastern Pkwy & Franklin Ave,1316
28,40.671197799999995,-73.97484126,1067.0,Garfield Pl & 8 Ave,1077
29,40.6716493,-73.9631145,785.0,Eastern Pkwy & Washington Ave,702
30,40.671907,-73.993612,312.0,10 St & 2 Ave,316
31,40.672168299999996,-73.9609,482.0,Lincoln Pl & Classon Ave,471
32,40.672505799999996,-74.00494695,282.0,Henry St & Bay St,306
33,40.67260298150126,-73.98983001708984,807.0,7 St & 3 Ave,810
34,40.67267243410948,-74.00879524648191,544.0,Sigourney St & Columbia St,582
35,40.672695000000004,-73.954131,1166.0,Sterling Pl & Bedford Ave,1174
36,40.672815500000006,-73.98352355,2262.0,5 Ave & 3 St,2263
37,40.6729679,-73.97087984,2801.0,Grand Army Plaza & Plaza St West,2701
38,40.67363551341504,-74.01195555925368,278.0,Dwight St & Van Dyke St,322
39,40.6737236,-73.9631611,1044.0,St Johns Pl & Washington Ave,1039
40,40.674012299999994,-73.9671457,1195.0,Underhill Ave & Lincoln Pl,1212
41,40.6740886,-73.9787282,476.0,Carroll St & 6 Ave,490
42,40.67418060000001,-73.95649470000001,1029.0,Park Pl & Franklin Ave,1040
43,40.67434,-74.00194698,289.0,Clinton St & Centre St,296
44,40.67469570000001,-73.99785768,1494.0,Smith St & 9 St,1496
45,40.6747055,-74.00755720000001,229.0,Columbia St & Lorraine St,259
46,40.675020700000005,-73.97111473,1889.0,Plaza St West & Flatbush Ave,1668
47,40.675070500000004,-73.98775226,1506.0,3 St & 3 Ave,1502
48,40.675146838709786,-73.9752320945263,2417.0,Berkeley Pl & 7 Ave,2413
49,40.6751622,-73.9814832,2073.0,Carroll St & 5 Ave,2082
50,40.6753274,-74.0100698,307.0,Wolcott St & Dwight St,352
51,40.6758324,-73.95616770000001,1080.0,Franklin Ave & St Marks Ave,1086
52,40.675832943912894,-74.01472628116608,1198.0,Van Brunt St & Van Dyke St,1585
53,40.676368,-73.95291800000001,1519.0,Bedford Ave & Bergen St,1532
54,40.6763744,-74.00324957,280.0,Henry St & W 9 St,281
55,40.6763947,-73.99869893,1003.0,Court St & Nelson St,998
56,40.676519799999994,-73.9596082,1309.0,Classon Ave & St Marks Ave,1340
57,40.6765304,-73.97846879,1167.0,Berkeley Pl & 6 Ave,1162
58,40.6767,-73.969024,1411.0,Park Pl & Vanderbilt Ave,1412
59,40.6769694,-73.96579,911.0,Prospect Pl & Underhill Ave,917
60,40.6769993,-74.00647134,367.0,Columbia St & W 9 St,370
61,40.677027,-73.9865,706.0,3 Ave & Carroll St,709
62,40.677236,-74.015665,790.0,Coffey St & Conover St,803
63,40.6772744,-73.98282002,2046.0,Union St & 4 Ave,2060
64,40.6773429,-74.01275056,976.0,Van Brunt St & Wolcott St,991
65,40.67759206937376,-73.95563721656801,1321.0,Dean St & Franklin Ave,1328
66,40.67761470000001,-73.97324283,2370.0,7 Ave & Park Pl,2373
67,40.6777287,-73.99364123,771.0,3 St & Hoyt St,777
68,40.677774799999995,-74.0094613,424.0,Pioneer St & Richards St,500
69,40.678045000000004,-73.962408,1158.0,Grand Ave & Bergen St,1179
70,40.6783563,-74.00014502,1225.0,Clinton St & 4 Place,1240
71,40.6786115,-73.99037292,1464.0,Carroll St & Bond St,1478
72,40.678724200000005,-73.99599099,1376.0,Smith St & 3 St,1396
73,40.67890679,-73.94142771,960.0,Kingston Ave & Herkimer St,987
74,40.679043,-74.011169,835.0,Pioneer St & Van Brunt St,840
75,40.67909799721684,-73.98765474557877,1031.0,Union St & Nevins St,1032
76,40.67919439999999,-73.95879029999999,364.0,Pacific St & Classon Ave,367
77,40.67927879999999,-73.98154004,1403.0,Douglass St & 4 Ave,1406
78,40.6793307,-73.97519523,988.0,Prospect Pl & 6 Ave,992
79,40.6794268,-73.92989109999999,1037.0,Fulton St & Utica Ave,1053
80,40.67943270000001,-74.00785041,278.0,Richards St & Delavan St,308
81,40.6794388,-73.96804379999999,1928.0,Bergen St & Vanderbilt Ave,1906
82,40.6795766,-73.97854971,1759.0,Baltic St & 5 Ave,1772
83,40.6800105,-73.938475,315.0,Albany Ave & Fulton St,321
84,40.6802133,-73.98432695,1688.0,Douglass St & 3 Ave,1680
85,40.680342423,-73.9557689392,813.0,Lefferts Pl & Franklin Ave,784
86,40.680356084043396,-73.94767910242079,909.0,Verona Pl & Fulton St,912
87,40.6804836,-73.9646795,1060.0,Underhill Ave & Pacific St,1048
88,40.680611,-73.99475825,2220.0,Carroll St & Smith St,2247
89,40.680944723477296,-73.97567331790923,1839.0,Bergen St & Flatbush Ave,1846
90,40.6809591,-73.99905709,1239.0,1 Pl & Clinton St,1271
91,40.68097410000001,-73.97100970000001,1530.0,Carlton Ave & Dean St,1522
92,40.6809833854,-73.9500479759,1892.0,Macon St & Nostrand Ave,1905
93,40.681211700000006,-74.00860912,513.0,Commerce St & Van Brunt St,532
94,40.6814598,-73.934903,613.0,Lewis Ave & Decatur St,638
95,40.68186,-73.95943199999999,1113.0,Fulton St & Irving Pl,1122
96,40.68199044270703,-73.99079024791719,940.0,Degraw St & Hoyt St,958
97,40.68216564,-73.95399026,737.0,Hancock St & Bedford Ave,712
98,40.682368700000005,-73.944118,1008.0,Halsey St & Tompkins Ave,1014
99,40.682601,-73.938037,803.0,Marcus Garvey Blvd & Macon St,800
100,40.6827549,-73.98258555,1097.0,Wyckoff St & 3 Ave,1104
101,40.6828003,-73.99990419,1108.0,President St & Henry St,1137
102,40.6829151,-73.99318208,1529.0,Degraw St & Smith St,1528
103,40.6830456,-74.00348559,1318.0,Carroll St & Columbia St,1325
104,40.683116399999996,-73.99785267,1509.0,Clinton St & Union St,1524
105,40.68312489,-73.97895137,2917.0,Dean St & 4 Ave,2924
106,40.68323865460341,-73.96599590778352,1873.0,Fulton St & Waverly Ave,1872
107,40.68382604,-73.97632328,2134.0,Atlantic Ave & Fort Greene Pl,2121
108,40.684020000000004,-73.94977,602.0,Putnam Ave & Nostrand Ave,589
109,40.68415748,-73.96922273,925.0,Fulton St & Clermont Ave,936
110,40.684568299999995,-73.95881081,1372.0,Monroe St & Classon Ave,1384
111,40.68461653897949,-73.98721285164356,399.0,Wyckoff St & Bond St,436
112,40.684751399999996,-73.99917254,1705.0,Henry St & Degraw St,1714
113,40.68488,-73.96304,1081.0,Cambridge Pl & Gates Ave,1090
114,40.6849668,-73.98620772,1281.0,Bond St & Bergen St,1293
115,40.6849894,-73.99440329,1181.0,Butler St & Court St,1203
116,40.68506807308177,-73.97790759801863,4428.0,Hanson Pl & Ashland Pl,4386
117,40.68512559515415,-74.02535319328308,1373.0,Picnic Point,1367
118,40.6851443,-73.95380904,1370.0,Monroe St & Bedford Ave,1374
119,40.6851532,-73.94111,875.0,Putnam Ave & Throop Ave,892
120,40.6853761,-73.98302136,1218.0,Pacific St & Nevins St,1227
121,40.68539567,-73.97431458,1416.0,S Portland Ave & Hanson Pl,1451
122,40.6859296,-74.00242364,1336.0,Columbia St & Degraw St,1341
123,40.686175799999994,-73.99645295,1509.0,Kane St & Clinton St,1534
124,40.686203000000006,-73.944694,980.0,Monroe St & Tompkins Ave,981
125,40.686312,-73.935775,1207.0,Lewis Ave & Madison St,1224
126,40.686371,-73.99383324,1586.0,Warren St & Court St,1588
127,40.686444200000004,-73.98759104,1065.0,Dean St & Hoyt St,1070
128,40.68650065,-73.96563307,1248.0,Washington Ave & Greene Ave,1264
129,40.686744299999994,-73.99063168,4007.0,Bergen St & Smith St,4028
130,40.68676793,-73.95928168,1298.0,Lexington Ave & Classon Ave,1311
131,40.68683208,-73.9796772,2052.0,3 Ave & Schermerhorn St,2058
132,40.68691865,-73.976682,2715.0,Lafayette Ave & Fort Greene Pl,2708
133,40.686931,-74.016966,2066.0,Yankee Ferry Terminal,2092
134,40.68753406,-73.97265183,1628.0,Cumberland St & Lafayette Ave,1618
135,40.68763155,-74.0016256,1066.0,Columbia St & Kane St,1081
136,40.68764484,-73.96968902,1081.0,Clermont Ave & Lafayette Ave,1104
137,40.6881529,-73.99520919,1927.0,Congress St & Clinton St,1933
138,40.68833370000001,-73.950916,943.0,Greene Ave & Nostrand Ave,935
139,40.68841,-73.979458,1501.0,Fulton St & Rockwell Pl,1504
140,40.68841742754083,-73.98451656103134,2759.0,Schermerhorn St & Bond St,2758
141,40.68851534,-73.9647628,2468.0,Lafayette Ave & St James Pl,2481
142,40.68900443,-73.96023854,1716.0,Lafayette Ave & Classon Ave,1700
143,40.68926942,-73.98912867,2068.0,State St & Smith St,2079
144,40.68940747,-73.96885458,1866.0,DeKalb Ave & Vanderbilt Ave,1875
145,40.6894932,-73.942061,811.0,Greene Ave & Throop Ave,814
146,40.68962188790333,-73.98304268717766,3589.0,Bond St & Fulton St,3617
147,40.68981035,-73.97493121,2077.0,DeKalb Ave & S Portland Ave,2074
148,40.689888,-73.981013,2411.0,DeKalb Ave & Hudson Ave,2454
149,40.6900815,-73.94791500000001,651.0,Marcy Ave & Lafayette Ave,643
150,40.6902375,-73.99203074,3084.0,Court St & State St,3091
151,40.69064807082943,-73.95746178925037,1099.0,DeKalb Ave & Franklin Ave,1105
152,40.69072549,-73.95133465,884.0,Kosciuszko St & Nostrand Ave,866
153,40.69089272,-73.99612349,2248.0,Henry St & Atlantic Ave,2254
154,40.69102925677968,-73.99183362722397,2031.0,Schermerhorn St & Court St,2059
155,40.69128258,-73.9452416,954.0,Kosciuszko St & Tompkins Ave,973
156,40.69165183,-73.99997859999999,3494.0,Atlantic Ave & Furman St,3509
157,40.6917823,-73.97372990000001,1460.0,Washington Park,1475
158,40.69196035,-73.96536851,1868.0,Willoughby Ave & Hall St,1863
159,40.69196566,-73.9813018,2888.0,Willoughby St & Fleet St,2883
160,40.69221589,-73.9842844,2208.0,Duffield St & Willoughby St,2215
161,40.69231660719192,-74.01486575603484,2354.0,Soissons Landing,2356
162,40.69236178,-73.98631746,3112.0,Lawrence St & Willoughby St,3086
163,40.69237074,-73.93705428,890.0,Lewis Ave & Kosciuszko St,890
164,40.69239502,-73.99337909,2703.0,Clinton St & Joralemon St,2716
165,40.692418292578466,-73.98949474096298,3565.0,Fulton St & Adams St,3506
166,40.69308257,-73.97178913,1859.0,Adelphi St & Myrtle Ave,1869
167,40.693261,-73.968896,2357.0,Clinton Ave & Myrtle Ave,2365
168,40.69327018,-73.97703874,1136.0,Myrtle Ave & St Edwards St,1129
169,40.69331716,-73.95381995,864.0,Willoughby Ave & Walworth St,877
170,40.693398200000004,-73.939877,686.0,Pulaski St & Marcus Garvey Blvd,671
171,40.69363137,-73.96223558,1879.0,Emerson Pl & Myrtle Ave,1886
172,40.69383,-73.990539,2524.0,Cadman Plaza West & Montague St,2489
173,40.69425403,-73.94626915,865.0,Willoughby Ave & Tompkins Ave,877
174,40.694546087246025,-73.95801365375519,816.0,Franklin Ave & Myrtle Ave,829
175,40.69474881,-73.98362464,1650.0,Johnson St & Gold St,1666
176,40.69502,-73.92825,163.0,Bushwick Ave & Dekalb Ave,179
177,40.695065,-73.987167,3179.0,Jay St & Tech Pl,3164
178,40.69512845,-73.99595065,2707.0,Hicks St & Montague St,2682
179,40.69527008,-73.95238108,602.0,Nostrand Ave & Myrtle Ave,595
180,40.69531727766904,-73.99015724658966,1743.0,Cadman Plaza E & Johnson St,1790
181,40.69535693320225,-73.99344027042389,1291.0,Pierrepont St & Monroe Pl,1317
182,40.69539817,-73.94954908,888.0,Myrtle Ave & Marcy Ave,891
183,40.69573398,-73.97129668,1039.0,Clermont Ave & Park Ave,1025
184,40.69580705,-73.97355569,1295.0,Carlton Ave & Park Ave,1328
185,40.69608941,-73.97803415,719.0,Park Ave & St Edwards St,707
186,40.69610226,-73.96751037,2005.0,Washington Ave & Park Ave,2030
187,40.69622937,-73.94371094,451.0,Throop Ave & Myrtle Ave,454
188,40.69681963,-73.93756926,1678.0,Myrtle Ave & Lewis Ave,1685
189,40.69757,-73.93098,97.0,Willoughby Ave & Myrtle Ave,101
190,40.69760127,-73.99344559,3246.0,Clark St & Henry St,3109
191,40.69766564,-73.98476437,1359.0,Concord St & Bridge St,1364
192,40.697787,-73.973736,1431.0,Carlton Ave & Flushing Ave,1426
193,40.697842,-73.926241,1097.0,Cedar St & Myrtle Ave,1081
194,40.69794,-73.96986848,914.0,Clinton Ave & Flushing Ave,933
195,40.69795031569544,-73.97077560424805,1955.0,Flushing Ave & Vanderbilt Ave,1952
196,40.69839895,-73.98068914,1246.0,Nassau St & Navy St,1248
197,40.698458,-73.997178,1385.0,Brooklyn Bridge Park - Pier 2,1405
198,40.698568,-73.918877,1186.0,Greene Av & Myrtle Av,1184
199,40.698617,-73.941342,684.0,Park Ave & Marcus Garvey Blvd,657
200,40.699304,-73.92304399999999,498.0,Stockholm St & Wilson Ave,500
201,40.69957608,-73.94708417,758.0,Tompkins Ave & Hopkins St,747
202,40.69985,-73.97140999999999,615.0,Dock 72 Way & Market St,619
203,40.69991755,-73.98971773,2904.0,Cadman Plaza E & Red Cross Pl,2953
204,40.6999974843885,-73.97440128028394,468.0,5 St & Market St,463
205,40.700003,-73.92834,809.0,Central Ave & Starr Street,774
206,40.70029511,-73.95032283,799.0,Union Ave & Wallabout St,770
207,40.7003,-73.99158100000001,1830.0,Henry St & Middagh St,1864
208,40.70037867,-73.99548059,1231.0,Columbia Heights & Cranberry St,1242
209,40.700759999999995,-73.93641,43.0,Bushwick Ave & Forrest St,48
210,40.700990000000004,-73.93921,111.0,Beaver St & Fayette St,120
211,40.70106,-73.93318000000001,56.0,Evergreen Ave & Noll St,58
212,40.70122128,-74.01234218,4274.0,South St & Whitehall St,4355
213,40.70140317257725,-73.98672670125961,4229.0,Jay St & York St,5639
214,40.7016657,-73.9437303,1068.0,Broadway & Whipple St,1085
215,40.701907,-74.013942,3702.0,Bus Slip & State St,4030
216,40.702013,-73.923769,772.0,Suydam St & Knickerbocker Ave,752
217,40.70224,-73.982578,1774.0,Front St & Gold St,1770
218,40.702461,-73.98684200000001,2511.0,Front St & Jay St,2433
219,40.70255065,-74.0127234,2632.0,Water - Whitehall Plaza,2891
220,40.70255088,-73.98940236,4408.0,Front St & Washington St,4377
221,40.7027,-73.92095,534.0,Irving Ave & DeKalb Ave,535
222,40.70277159,-73.99383605,4955.0,Old Fulton St,4958
223,40.702831,-73.9333,683.0,Central Ave & Flushing Ave,636
224,40.702996999999996,-73.92997,585.0,George St & Wilson Ave,557
225,40.7031724,-73.940636,725.0,Humboldt St & Varet St,723
226,40.70355377,-74.00670227,6746.0,South St & Gouverneur Ln,6774
227,40.70365182,-74.01167797,1939.0,Broad St & Bridge St,2145
228,40.703799200000006,-74.00838676,3426.0,Old Slip & Front St,3741
229,40.70411791,-73.94818595,915.0,Lorimer St & Broadway,916
230,40.704425,-73.92836,613.0,Knickerbocker Ave & George St,589
231,40.704508000000004,-73.9351,756.0,White St & Moore St,745
232,40.70463334,-74.01361706,5888.0,Broadway & Battery Pl,6656
233,40.7047177,-74.00926027,3088.0,Pearl St & Hanover Square,3260
234,40.704876,-73.919911,786.0,Hart St & Wyckoff Ave,777
235,40.70510918,-73.94407279,873.0,McKibbin St & Manhattan Ave,881
236,40.70530954,-74.00612572,3610.0,Front St & Maiden Ln,3972
237,40.70531194,-73.97100056,110.0,Railroad Ave & Kay Ave,116
238,40.70538,-73.92535,582.0,Irving Ave & Jefferson St,582
239,40.70538077,-73.94976519,1172.0,Boerum St & Broadway,1165
240,40.70539,-73.92976,671.0,Knickerbocker Ave & Thames St,643
241,40.705517,-73.93936,442.0,Bushwick Ave & McKibbin St,439
242,40.705614000000004,-73.92153,713.0,Willoughby Ave & Wyckoff Ave,697
243,40.70569254,-74.01677685,7223.0,Little West St & 1 Pl,7218
244,40.70583339,-73.94644578,733.0,Leonard St & Boerum St,730
245,40.706237,-73.933871,1002.0,McKibbin St & Bogart St,1011
246,40.70684203101325,-73.9544353965357,1261.0,Division Av & Hooper St,1111
247,40.70686,-73.92851,42.0,Harrison Pl & Porter Ave,54
248,40.70706456,-74.00731853,2825.0,Maiden Ln & Pearl St,2879
249,40.70708701,-73.95796783,604.0,Division Ave & Marcy Ave,579
250,40.707165,-73.923711,1172.0,Wyckoff Av & Jefferson St,1177
251,40.707174,-73.93581,235.0,White St & Johnson Ave,240
252,40.70717936,-74.00887308,3139.0,William St & Pine St,3162
253,40.7076449441757,-73.96841526031494,2942.0,Kent Ave & S 11 St,2952
254,40.70767788,-73.94016171,1813.0,Montrose Ave & Bushwick Ave,1760
255,40.707873,-74.00166999999999,4087.0,Peck Slip & Front St,4521
256,40.70834698,-74.01713445,5877.0,West Thames St,5884
257,40.70838,-74.00495,4497.0,Cliff St & Fulton St,4589
258,40.70853074,-73.96408963,847.0,Bedford Ave & S 9 St,849
259,40.70862144,-74.00722156,2399.0,John St & William St,2492
260,40.70870368,-73.9448625,2148.0,Scholes St & Manhattan Ave,2081
261,40.70877084,-73.95095259,2093.0,Stagg St & Union Ave,2075
262,40.70905623,-74.01043382,5868.0,Liberty St & Broadway,5968
263,40.70924826276157,-73.96063148975372,2832.0,Broadway & Roebling St,2830
264,40.709340000000005,-73.95608,1908.0,S 4 St & Rodney St,1916
265,40.70955958,-74.00653609,3498.0,Fulton St & William St,3558
266,40.709897,-73.94008000000001,280.0,Bushwick Ave & Stagg St,273
267,40.710190000000004,-73.93734,562.0,Waterbury St & Stagg St,534
268,40.71036854235229,-73.94705951213838,1257.0,Leonard St & Maujer St,1250
269,40.71044554,-73.96525063,3091.0,Broadway & Berry St,3077
270,40.710451,-73.960876,6020.0,S 5 Pl & S 5 St,6129
271,40.710681,-73.93372,405.0,Stagg St & Morgan Ave,398
272,40.71076228,-73.99400398,2310.0,Market St & Cherry St,2327
273,40.711065999999995,-74.009447,5814.0,Fulton St & Broadway,5814
274,40.71117416,-74.00016545,1666.0,St James Pl & Pearl St,1674
275,40.71117444,-73.99682619,2736.0,Catherine St & Monroe St,2757
276,40.71146364,-74.00552427,3793.0,Spruce St & Nassau St,3818
277,40.711512,-74.01575600000001,10735.0,South End Ave & Liberty St,10742
278,40.71167351,-73.95141312,2508.0,Hope St & Union Ave,2514
279,40.71173107,-73.99193043,2930.0,Pike St & Monroe St,2936
280,40.711863,-73.944024,2039.0,Graham Ave & Grand St,2033
281,40.71219906,-73.97948148,3395.0,Cherry St,3373
282,40.71247661,-73.94100005,1146.0,Bushwick Ave & Powers St,1105
283,40.71260486,-73.96264403,3334.0,S 3 St & Bedford Ave,3317
284,40.71269042,-73.98776323,2666.0,Madison St & Clinton St,2668
285,40.71273266,-74.0046073,7188.0,Centre St & Chambers St,7218
286,40.71285887,-73.96590294,5170.0,S 4 St & Wythe Ave,5179
287,40.71286844,-73.95698119,2762.0,Grand St & Havemeyer St,2742
288,40.71291224,-74.01020234,5380.0,Barclay St & Church St,5413
289,40.71307916,-73.99851193,2915.0,St James Pl & Oliver St,2981
290,40.713126,-73.984844,2460.0,Madison St & Montgomery St,2472
291,40.713229999999996,-73.93894,633.0,Powers St & Olive St,622
292,40.71334184275907,-74.00935515761375,2792.0,Park Pl & Church St,2791
293,40.71335226222875,-73.9491033554077,2065.0,Devoe St & Lorimer St,2098
294,40.713811,-73.93515,416.0,Devoe St & Morgan Ave,417
295,40.71406667,-73.99293911,3510.0,Pike St & E Broadway,3504
296,40.71413089,-73.99704679999999,4374.0,Division St & Bowery,4463
297,40.71413311,-73.95234386,2495.0,Metropolitan Ave & Meeker Ave,2517
298,40.714215,-73.981346,1466.0,Henry St & Grand St,1442
299,40.71427487,-73.98990025,7706.0,Canal St & Rutgers St,7684
300,40.714290000000005,-73.93323000000001,24.0,Metropolitan Ave & Vandervoort Ave,28
301,40.71450451,-74.00562789,3137.0,Reade St & Broadway,3142
302,40.714690000000004,-73.95739,2201.0,Roebling St & N 4 St,2217
303,40.71485150526252,-74.01122331619263,5113.0,Murray St & Greenwich St,5359
304,40.71494807,-74.00234482,2838.0,Centre St & Worth St,2968
305,40.7149787,-74.013012,4827.0,Murray St & West St,5373
306,40.715143,-73.944507,3019.0,Graham Ave & Conselyea St,2989
307,40.715337899999994,-74.01658354,9339.0,Vesey Pl & River Terrace,9336
308,40.71534825,-73.96024116,5966.0,Metropolitan Ave & Bedford Ave,5973
309,40.715353,-73.93856,988.0,Sharon St & Olive St,961
310,40.71559509,-73.9870295,6283.0,Clinton St & Grand St,6378
311,40.715815500000005,-73.99422366,5861.0,Forsyth St & Canal St,5872
312,40.71602118,-73.99974372,4868.0,Bayard St & Baxter St,4960
313,40.71605866,-73.99190759,5850.0,Allen St & Hester St,6054
314,40.7160751,-73.95202900000001,1092.0,Union Ave & Jackson St,1104
315,40.71622644,-73.98261206,2328.0,Bialystoker Pl & Delancey St,2328
316,40.71625008,-74.0091059,4030.0,Hudson St & Reade St,4010
317,40.716380319735606,-73.94821286201476,584.0,Jackson St & Leonard St,590
318,40.716657,-73.93637,26.0,Morgan Ave & Maspeth Ave,28
319,40.716887,-73.96319799999999,4645.0,Wythe Ave & Metropolitan Ave,4653
320,40.7169811,-73.94485918,1399.0,Graham Ave & Withers St,1412
321,40.7172274,-73.98802084,5716.0,Norfolk St & Broome St,5662
322,40.71739973,-73.98016555,2568.0,Columbia St & Rivington St,2573
323,40.71745169,-73.95850939,5730.0,N 6 St & Bedford Ave,5700
324,40.71748752,-74.0104554,2909.0,Duane St & Greenwich St,2916
325,40.71754834,-74.01322069,14404.0,West St & Chambers St,16212
326,40.717571,-74.005549,3310.0,Leonard St & Church St,3294
327,40.71766197083994,-73.94880026578903,907.0,Frost St & Meeker Ave,877
328,40.717729999999996,-73.94051,68.0,Withers St & Kingsland Ave,75
329,40.71782143,-73.97628939,2501.0,Stanton St & Mangin St,2534
330,40.71816969454208,-73.95520135760306,3455.0,Driggs Ave & N 9 St,3449
331,40.71850211,-73.98329859,3802.0,Rivington St & Ridge St,3638
332,40.71870987,-74.0090009,2381.0,Harrison St & Hudson St,2379
333,40.718821999999996,-73.99596,9820.0,Grand St & Elizabeth St,10054
334,40.71893904,-73.99266288,6792.0,Forsyth St & Broome St,6809
335,40.7190095,-73.95852515,3105.0,Berry St & N 8 St,3669
336,40.71907891179564,-73.94223690032959,1794.0,Richardson St & N Henry St,1747
337,40.71910537,-73.99973337,5731.0,Howard St & Centre St,5864
338,40.71911552,-74.00666661,3116.0,Franklin St & W Broadway,3145
339,40.71915571696044,-73.94885390996933,1328.0,Bayard St & Leonard St,1306
340,40.71924,-73.95241999999999,2717.0,Union Ave & N 12 St,2762
341,40.71926081,-73.98178024,1021.0,Pitt St & Stanton St,1028
342,40.71929301,-73.94500379,967.0,Graham Ave & Herbert St,978
343,40.71939226,-74.00247214,6123.0,Lispenard St & Broadway,6036
344,40.72019521437465,-74.0103006362915,9250.0,North Moore St & Greenwich St,9932
345,40.72019576,-73.98997825,6362.0,Allen St & Rivington St,6373
346,40.72036775298455,-73.96165072917937,6144.0,Kent Ave & N 7 St,6438
347,40.72066442,-73.98517977,4532.0,Suffolk St & Stanton St,4533
348,40.720746999999996,-73.986274,4008.0,Stanton St & Norfolk St,4023
349,40.72079821,-73.95484712,2623.0,N 12 St & Bedford Ave,2648
350,40.72082834,-73.97793172,2841.0,Avenue D & E 3 St,2820
351,40.720873600000004,-73.98085795,4099.0,E 2 St & Avenue C,3738
352,40.72110063,-73.99192540000001,4519.0,Rivington St & Chrystie St,4707
353,40.72146256229816,-73.94800901412964,786.0,Eckford St & Engert Ave,783
354,40.72179134,-73.95041540000001,1607.0,Driggs Ave & Lorimer St,1623
355,40.72185379,-74.00771779,1404.0,Laight St & Hudson St,1398
356,40.722055,-73.989111,7634.0,Allen St & Stanton St,7728
357,40.72210378668603,-73.99724900722505,10659.0,Cleveland Pl & Spring St,10602
358,40.72217444,-73.98368779,7039.0,E 2 St & Avenue B,7441
359,40.72228087,-73.97668709,3583.0,E 6 St & Avenue D,3574
360,40.72229346,-73.99147535,5560.0,Stanton St & Chrystie St,5683
361,40.72243797,-74.00566443,6524.0,6 Ave & Canal St,6941
362,40.72248188638219,-73.95921930670737,1661.0,N 11 St & Kent Ave,1680
363,40.72299208,-73.97995466,3170.0,E 5 St & Avenue C,3067
364,40.72307749068673,-73.98583620786667,6481.0,E 2 St & Avenue A,6556
365,40.72311651,-73.95212324,3287.0,Bedford Ave & Nassau Ave,3277
366,40.72317958,-73.99480012,6670.0,Mott St & Prince St,6669
367,40.72325,-73.94308000000001,1992.0,Driggs Ave & N Henry St,2008
368,40.72362738,-73.99949601,6239.0,Mercer St & Spring St,6574
369,40.72368361,-73.97574813,2936.0,Avenue D & E 8 St,2666
370,40.7239567849954,-73.94984364509583,2098.0,Leonard St & Nassau Ave,2105
371,40.724055,-73.955736,941.0,N 15 St & Wythe Ave,940
372,40.72405549,-74.00965965,5355.0,Watts St & Greenwich St,5383
373,40.72430832160217,-74.00473035871983,6489.0,6 Ave & Broome St,6726
374,40.72453734,-73.98185424,6749.0,E 6 St & Avenue B,6615
375,40.72456089,-73.99565293,7499.0,Lafayette St & Jersey St,7483
376,40.724812564400175,-73.94752621650694,2064.0,Nassau Ave & Newell St,2076
377,40.72494672359416,-74.00165855884552,6045.0,W Broadway & Spring Street,7341
378,40.72502876,-73.99069656,6603.0,E 2 St & 2 Ave,6610
379,40.72521311,-73.97768752,5414.0,E 9 St & Avenue C,5147
380,40.725570000000005,-73.94434,3095.0,Nassau Ave & Russell St,3074
381,40.72580614,-73.97422494,2129.0,Avenue D & E 12 St,2088
382,40.72606,-73.95621,1636.0,Banker St & Meserole Ave,1614
383,40.72621788,-73.98379855,8132.0,E 7 St & Avenue A,7727
384,40.726280700000004,-73.98978041,7170.0,E 4 St & 2 Ave,7420
385,40.72706363348306,-73.99662137031554,6791.0,Mercer St & Bleecker St,6900
386,40.72708584,-73.95299117,2859.0,Meserole Ave & Manhattan Ave,2854
387,40.72710258,-74.00297088,8611.0,MacDougal St & Prince St,8641
388,40.72740794,-73.98142006,8160.0,E 10 St & Avenue A,8607
389,40.72743423,-73.99379025,8858.0,Great Jones St,9238
390,40.727464206923926,-73.97950418293476,5463.0,E 11 St & Avenue B,5192
391,40.7277140777778,-74.01129573583603,8581.0,Pier 40 - Hudson River Park,8608
392,40.72779126,-73.98564945,8462.0,St Marks Pl & 1 Ave,8591
393,40.7284186,-73.98713956,6700.0,St Marks Pl & 2 Ave,6750
394,40.728846000000004,-74.00859100000001,7709.0,Greenwich St & W Houston St,8116
395,40.72903917,-73.99404649,5774.0,Washington Pl & Broadway,5824
396,40.72906,-73.95779,4127.0,Milton St & Franklin St,4123
397,40.72917025,-73.99810231,7477.0,LaGuardia Pl & W 3 St,7464
398,40.729514962249496,-73.99075269699097,9812.0,Cooper Square & Astor Pl,10612
399,40.72953837,-73.98426726,6873.0,E 11 St & 1 Ave,6936
400,40.72966729392978,-73.98067966103555,9991.0,E 13 St & Avenue A,9074
401,40.72984,-73.94839,29.0,Calyer St & Jewel St,44
402,40.73020660529954,-73.99102628231049,11306.0,Lafayette St & E 8 St,12173
403,40.730259999999994,-73.95394,2729.0,Greenpoint Ave & Manhattan Ave,2735
404,40.73038599,-74.00214988,6146.0,Carmine St & 6 Ave,6257
405,40.73047309,-73.98672378,6871.0,E 11 St & 2 Ave,7030
406,40.73047747,-73.99906065,6765.0,Sullivan St & Washington Sq,6900
407,40.730563000000004,-73.973984,3875.0,Avenue C & E 18 St,3518
408,40.73124,-73.95161,45.0,Kent St & McGuinness Blvd,50
409,40.73143724085228,-73.99490341544151,7247.0,University Pl & E 8 St,7253
410,40.73172428,-74.00674436,7844.0,Barrow St & Hudson St,7944
411,40.73181401720966,-73.95995020866394,1902.0,India St & West St,1889
412,40.73221853,-73.98165557,9634.0,1 Ave & E 16 St,9678
413,40.73223272,-73.98889957,5559.0,E 12 St & 3 Ave,5582
414,40.73224119,-74.00026394,5057.0,Washington Pl & 6 Ave,4999
415,40.73226398,-73.99852205,5357.0,MacDougal St & Washington Sq,5406
416,40.73232194,-73.9550858,2393.0,India St & Manhattan Ave,2384
417,40.732339777151054,-73.97898383438587,943.0,Stuyvesant Walk & 1 Av Loop,963
418,40.732659999999996,-73.95826,2152.0,Huron St & Franklin St,2332
419,40.732690000000005,-73.98974,6039.0,E 12 St & 4 Av,6127
420,40.73291553,-74.00711384,13072.0,Christopher St & Greenwich St,13177
421,40.73314259,-73.97573881,5843.0,E 20 St & FDR Drive,6092
422,40.73331967,-73.99510132,5351.0,E 10 St & 5 Ave,5377
423,40.73381219196632,-73.9805442094803,6803.0,1 Ave & E 18 St,6625
424,40.733959999999996,-73.95204,39.0,Green St & McGuinness Blvd,43
425,40.73401143,-74.00293877,8074.0,W 4 St & 7 Ave S,8128
426,40.734232,-73.986923,7905.0,E 15 St & 3 Ave,7952
427,40.73454567,-73.99074142,15140.0,Broadway & E 14 St,15348
428,40.734814,-73.992085,4251.0,University Pl & E 14 St,4374
429,40.735238,-74.000271,5765.0,Greenwich Ave & Charles St,5806
430,40.73532427,-73.99800419,6526.0,W 11 St & 6 Ave,6597
431,40.73535398,-74.00483091,4935.0,Perry St & Bleecker St,4925
432,40.735367055605394,-73.98797392845155,5148.0,E 16 St & Irving Pl,5196
433,40.735445,-73.99431,7804.0,W 13 St & 5 Ave,7806
434,40.73555,-73.95284000000001,2619.0,McGuinness Blvd & Eagle St,2613
435,40.735640000000004,-73.95866,2152.0,Franklin St & Dupont St,2175
436,40.73587678,-73.98205027,7786.0,E 20 St & 2 Ave,7333
437,40.7361967,-74.00859207,4530.0,Bank St & Washington St,4521
438,40.73624527,-73.98473765,5025.0,E 19 St & 3 Ave,5021
439,40.736502,-73.97809472,6727.0,E 23 St & 1 Ave,6727
440,40.73652889,-74.00618026,4803.0,Bank St & Hudson St,4816
441,40.73704984,-73.99009296,14655.0,E 17 St & Broadway,14984
442,40.73726186,-73.99238967,8396.0,E 16 St & 5 Ave,8423
443,40.73781509,-73.99994661,7273.0,W 13 St & 7 Ave,7312
444,40.7381765,-73.97738662,4871.0,E 25 St & 1 Ave,4896
445,40.73827428,-73.98751968,6615.0,E 20 St & Park Ave,6659
446,40.7390169121,-74.0026376103,10151.0,Greenwich Ave & 8 Ave,10237
447,40.73912601,-73.97973776,8006.0,E 25 St & 2 Ave,7733
448,40.739323,-74.008119,9578.0,Washington St & Gansevoort St,9678
449,40.73935542,-73.99931783,8698.0,W 15 St & 7 Ave,8706
450,40.739445,-73.97680600000001,4702.0,E 27 St & 1 Ave,4314
451,40.73944820130404,-74.00507032871245,7720.0,Gansevoort St & Hudson St,7799
452,40.73971301,-73.99456405,9737.0,W 18 St & 6 Ave,9801
453,40.740343200000005,-73.98955109,12338.0,Broadway & E 22 St,13380
454,40.74096374,-73.98602213,9673.0,E 24 St & Park Ave S,9951
455,40.74128309355993,-73.93725872039794,228.0,48 Ave & 30 Pl,228
456,40.74144387,-73.97536082,4513.0,1 Ave & E 30 St,4511
457,40.741459000000006,-73.983293,8260.0,Lexington Ave & E 26 St,8090
458,40.74173969,-73.99415556,13209.0,W 21 St & 6 Ave,13225
459,40.74177603,-74.00149746,9189.0,W 17 St & 8 Ave,9286
460,40.74232744,-73.95411749,3231.0,Vernon Blvd & 50 Ave,3320
461,40.7423737,-73.9566,560.0,5 St & 51 Ave,551
462,40.74238787,-73.99726235,6946.0,W 20 St & 7 Ave,6980
463,40.74252,-73.948852,699.0,49 Ave & 21 St,700
464,40.742753828659026,-74.00747358798982,5370.0,W 15 St & 10 Ave,5502
465,40.74286877312112,-73.98918628692627,10784.0,Broadway & W 25 St,10541
466,40.74290902,-73.97706058,7128.0,2 Ave & E 31 St,6939
467,40.743,-73.93561,581.0,47 Ave & 31 St,584
468,40.74311555376486,-73.98215353488922,4797.0,Lexington Ave & E 29 St,4773
469,40.74317449,-74.00366443,4605.0,9 Ave & W 18 St,4934
470,40.74322681432173,-73.97449783980845,7531.0,E 33 St & 1 Ave,7346
471,40.74334935,-74.00681753,6666.0,W 16 St & The High Line,6722
472,40.74336608027021,-73.95960688591003,1328.0,Center Blvd & 51 Ave,1317
473,40.74345335,-74.00004031,5811.0,W 20 St & 8 Ave,5634
474,40.7435337324616,-74.00367558002472,2418.0,W 18 St & 9 Ave,2403
475,40.7437524099784,-73.94176483154297,231.0,47 Ave & Skillman Ave,229
476,40.74394314,-73.97966069,6681.0,E 31 St & 3 Ave,6528
477,40.74395411,-73.99144871,6976.0,W 25 St & 6 Ave,6998
478,40.744219,-73.97121214,8128.0,FDR Drive & E 35 St,7603
479,40.74436328706688,-73.95587325096129,479.0,48 Ave & 5 St,512
480,40.74444921,-73.98303529,5101.0,E 30 St & Park Ave S,5044
481,40.74469738,-73.93540375,656.0,31 St & Thomson Ave,641
482,40.74475148,-73.99915362,7054.0,W 22 St & 8 Ave,7019
483,40.74487634,-73.99529885,8466.0,W 24 St & 7 Ave,8361
484,40.7449067,-73.9534573,1190.0,Vernon Blvd & 47 Rd,1197
485,40.745038,-73.957539,1071.0,Center Blvd & 48 Ave,1062
486,40.7451677,-73.98683077,6420.0,5 Ave & E 29 St,6374
487,40.74524768,-73.94733276,905.0,Jackson Ave & 46 Rd,914
488,40.7454973,-74.00197139,7735.0,9 Ave & W 22 St,7649
489,40.745712100000006,-73.98194829,7528.0,E 32 St & Park Ave,7273
490,40.7462009,-73.98855723,7458.0,Broadway & W 29 St,7449
491,40.746646999999996,-73.993915,8021.0,W 27 St & 7 Ave,7958
492,40.746745000000004,-74.007756,11343.0,W 20 St & 11 Ave,11577
493,40.74691959,-74.00451887,8502.0,W 22 St & 10 Ave,8611
494,40.74708586,-73.94977234,1358.0,45 Rd & 11 St,1357
495,40.74718234,-73.9432635,1857.0,44 Dr & Jackson Ave,1890
496,40.74731,-73.95451,2093.0,46 Ave & 5 St,2133
497,40.74734825,-73.99723551,8023.0,W 26 St & 8 Ave,7803
498,40.747573958954796,-73.97880077362059,3316.0,Lexington Ave & E 36 St,3315
499,40.74765947,-73.98490707,5994.0,E 33 St & 5 Ave,5925
500,40.74780373,-73.97344190000001,7719.0,E 39 St & 2 Ave,7563
501,40.748000000000005,-73.94609270000001,1297.0,44 Dr & 21 St,1292
502,40.7485,-73.941275,982.0,27 St & Hunter St,993
503,40.7489006,-73.97604882,5880.0,E 39 St & 3 Ave,5859
504,40.74901271,-73.98848395,10133.0,6 Ave & W 33 St,10210
505,40.749156,-73.9916,9481.0,W 31 St & 7 Ave,9360
506,40.74937024193277,-73.99923384189607,5478.0,9 Ave & W 28 St,5513
507,40.74964,-73.98805,5053.0,6 Ave & W 34 St,4978
508,40.74966,-73.9521,621.0,9 St & 44 Rd,627
509,40.749717753,-74.002950346,6497.0,W 26 St & 10 Ave,6669
510,40.75001986,-73.96905301,2801.0,1 Ave & E 44 St,2645
511,40.75019995,-73.99093085,7068.0,W 33 St & 7 Ave,6797
512,40.75022392,-73.97121414,3264.0,E 43 St & 2 Ave,3230
513,40.75038009,-73.98338988,4023.0,W 37 St & 5 Ave,3978
514,40.75052534,-73.94594845,508.0,21 St & 43 Ave,515
515,40.7505853470215,-73.9946848154068,13673.0,8 Ave & W 31 St,13733
516,40.75066386,-74.00176802,8630.0,10 Ave & W 28 St,8661
517,40.75097711,-73.98765428,3768.0,Broadway & W 36 St,3570
518,40.751047,-73.93796999999999,1365.0,28 St & 41 Ave,1342
519,40.75110165,-73.94073717,3214.0,Queens Plaza North & Crescent St,3182
520,40.751396,-74.00522600000001,9026.0,11 Ave & W 27 St,9012
521,40.751551,-73.993934,11204.0,8 Ave & W 33 St,11162
522,40.751581,-73.97791,7244.0,Pershing Square South,6451
523,40.75172632,-73.98753523,3262.0,Broadway & W 37 St,3157
524,40.75186951421875,-73.93349289894103,531.0,31 St & Northern Blvd,511
525,40.751872999999996,-73.97770600000001,16969.0,Pershing Square North,16745
526,40.7519071,-73.94791190000001,391.0,11 St & 43 Ave,404
527,40.75206862,-73.96784384,1805.0,E 47 St & 1 Ave,1830
528,40.752165280621966,-73.97992193698882,3865.0,E 41 St & Madison Ave,3860
529,40.752269,-73.982079,4947.0,W 40 St & 5 Ave,4911
530,40.75255434,-73.97282625,4067.0,E 45 St & 3 Ave,4065
531,40.752708500000004,-73.9397405,675.0,24 St & 41 Ave,672
532,40.752957,-74.00264,454.0,10 Hudson Yards,455
533,40.75299641,-73.98721619,4994.0,Broadway & W 38 St,4949
534,40.7531106,-73.9279917,567.0,37 Ave & 35 St,574
535,40.75323098,-73.97032517,4724.0,E 47 St & 2 Ave,4705
536,40.75325964,-73.94335788,1257.0,21 St & Queens Plaza North,1242
537,40.7535992020056,-73.9379560947418,301.0,40 Ave & Crescent St,305
538,40.754120810779256,-73.98025184869765,4430.0,E 43 St & 5 Ave,4252
539,40.75455731,-73.96592976,5101.0,E 51 St & 1 Ave,5092
540,40.7546011026,-73.971878855,3378.0,E 48 St & 3 Ave,3391
541,40.75466591,-73.99138152,9557.0,W 38 St & 8 Ave,9551
542,40.754691750226016,-73.9974018931389,2843.0,W 35 St & Dyer Ave,2809
543,40.754876,-73.934326,749.0,28 St & 38 Ave,757
544,40.75500254,-73.98014437,5244.0,W 44 St & 5 Ave,5406
545,40.75510267,-73.97498696,8893.0,E 47 St & Park Ave,8926
546,40.75513557,-73.98658032,9987.0,Broadway & W 41 St,9586
547,40.7552433,-73.94856779999999,554.0,Vernon Blvd & 41 Rd,567
548,40.7557327,-73.92366109999999,687.0,35 Ave & 37 St,694
549,40.75594159,-74.0021163,9853.0,W 34 St & 11 Ave,10031
550,40.75640548,-73.9900262,9746.0,W 41 St & 8 Ave,9749
551,40.75645824,-73.99372222,3.0,W 39 St & 9 Ave,3
552,40.75651272984955,-73.92957486212252,885.0,36 Ave & 31 St,850
553,40.75660359,-73.9979009,6053.0,W 37 St & 10 Ave,6041
554,40.7568001,-73.98291153,6184.0,W 45 St & 6 Ave,6157
555,40.756913,-73.921631,1579.0,34 Ave & 38 St,1542
556,40.756933200000006,-73.92622309999999,597.0,34 St & 35 Ave,598
557,40.75714758,-73.97207836,3202.0,E 51 St & Lexington Ave,3188
558,40.757186,-73.93271899999999,512.0,28 St & 36 Ave,519
559,40.75724567911726,-73.97805914282799,7123.0,E 48 St & 5 Ave,7206
560,40.75742,-73.945133,453.0,40 Ave & 9 St,454
561,40.75756989999999,-73.99098507,5343.0,W 42 St & 8 Ave,5341
562,40.7576314,-73.9391224,219.0,21 St & 38 Ave,216
563,40.75763227739443,-73.9693057537079,6693.0,E 53 St & 3 Ave,6690
564,40.7577284,-73.9166368,879.0,43 St & Broadway,888
565,40.75797322,-73.96603308,4469.0,E 55 St & 2 Ave,4474
566,40.7580583,-73.92427509999999,490.0,35 St & 34 Ave,490
567,40.75892386377695,-73.96226227283478,1479.0,E 58 St & 1 Ave (NE Corner),1424
568,40.75898481399634,-73.99379968643187,4760.0,W 42 St & Dyer Ave,4697
569,40.759107,-73.959223,1461.0,E 60 St & York Ave,1459
570,40.759125,-73.96265799999999,2821.0,E 58 St &  1 Ave (NW Corner),2697
571,40.75929124,-73.98859651,6035.0,W 45 St & 8 Ave,6014
572,40.75934501,-73.96759673,3086.0,E 56 St & 3 Ave,3099
573,40.7595701,-73.91426779999999,529.0,Newton Rd & 44 St,536
574,40.7596276,-73.93214549999999,429.0,Crescent St & 35 Ave,435
575,40.75971079999999,-73.97402311,3304.0,E 53 St & Madison Ave,3342
576,40.75992262,-73.97648516,5722.0,W 52 St & 5 Ave,5741
577,40.76009437,-73.99461843,5402.0,W 43 St & 10 Ave,5427
578,40.760185299999996,-73.9362726,259.0,21 St & 36 Ave,264
579,40.76019252,-73.9912551,7538.0,9 Ave & W 45 St,7653
580,40.76030096,-73.99884222,6868.0,11 Ave & W 41 St,6783
581,40.760339,-73.9222427,702.0,35 St & Broadway,694
582,40.76068327096592,-73.98452728986742,7876.0,Broadway & W 49 St,7775
583,40.76087502,-74.00277668,13159.0,12 Ave & W 40 St,13512
584,40.76095756,-73.96724467,5542.0,E 58 St & 3 Ave,5590
585,40.76108,-73.930562,570.0,Crescent St & 34 Ave,575
586,40.761227399999996,-73.96094022,5464.0,1 Ave & E 62 St,5492
587,40.76129389728909,-73.916916847229,935.0,31 Ave & Steinway St,944
588,40.76132983124814,-73.97982001304626,4644.0,W 52 St & 6 Ave,4932
589,40.7614376,-73.9411265,635.0,36 Ave & 10 St,643
590,40.761584,-73.925921,2070.0,31 St & Broadway,2016
591,40.76227205,-73.98788205,6516.0,W 49 St & 8 Ave,5998
592,40.76228826,-73.98336183,4253.0,Broadway & W 51 St,4141
593,40.76269882,-73.99301222,5322.0,W 47 St & 10 Ave,5281
594,40.76274420000001,-73.9391141,145.0,11 St & 35 Ave,155
595,40.762813799999996,-73.9342862,423.0,34 Ave & 21 St,408
596,40.763025942805186,-73.97209525108337,4131.0,E 58 St & Madison Ave,4226
597,40.76312584,-73.96526895,4008.0,3 Ave & E 62 St,3920
598,40.763154,-73.920827,1002.0,31 Ave & 34 St,1014
599,40.763154819103725,-73.93985509872438,529.0,35 Ave & 10 St,512
600,40.763189000000004,-73.978434,4328.0,W 55 St & 6 Ave,4299
601,40.7633589,-73.92864709999999,998.0,Crescent St & Broadway,1000
602,40.76341379,-73.99667444,5487.0,W 46 St & 11 Ave,5515
603,40.76344058,-73.98268129,4420.0,Broadway & W 53 St,4414
604,40.76350532,-73.97109243,3840.0,E 59 St & Madison Ave,3848
605,40.76360467795863,-73.98917958140373,3549.0,W 50 St & 9 Ave,3496
606,40.76370739,-73.9851615,6207.0,8 Ave & W 52 St,6180
607,40.763875299999995,-73.9364848,303.0,34 Ave & 13 St,295
608,40.76408932350689,-73.9106512069702,735.0,28 Ave & 44 St,741
609,40.764397100000004,-73.97371465,6796.0,Grand Army Plaza & Central Park S,6226
610,40.76440023,-73.96648977,341.0,Lexington Ave & E 63 St,352
611,40.7647,-73.9240312,613.0,31 Ave & 30 St,588
612,40.76471851944339,-73.96222069859505,2070.0,E 65 St & 2 Ave,2017
613,40.76500525,-73.95818491,7444.0,1 Ave & E 68 St,7379
614,40.7652654,-73.98192338,9083.0,Broadway & W 56 St,8353
615,40.7656251,-73.9136695,972.0,Steinway St & 28 Ave,975
616,40.765834600000005,-73.9265474,654.0,31 Ave & Crescent St,662
617,40.76584941,-73.98690506,3708.0,W 54 St & 9 Ave,4020
618,40.7659,-73.930819,857.0,21 St & 31 Dr,855
619,40.76590936,-73.97634151,9790.0,Central Park S & 6 Ave,9604
620,40.766368,-73.971518,1956.0,5 Ave & E 63 St,1884
621,40.76663814,-73.95348296,3873.0,E 72 St & York Ave,3886
622,40.76669671,-73.99061728,4707.0,W 53 St & 10 Ave,4778
623,40.7667405590595,-73.9790689945221,6348.0,7 Ave & Central Park South,6268
624,40.7668,-73.93477740000002,566.0,Broadway & 12 St,572
625,40.7671,-73.9169858,704.0,28 Ave & 35 St,702
626,40.76712840349542,-73.96224617958069,1715.0,E 68 St & 3 Ave,1703
627,40.7671863,-73.9373554,693.0,Vernon Blvd & 10 St,694
628,40.76727216,-73.99392888,5963.0,W 52 St & 11 Ave,5836
629,40.7675487799971,-73.92093345522879,2329.0,31 St & Newtown Ave,2279
630,40.76780080148132,-73.96592080593109,1489.0,E 67 St & Park Ave,1466
631,40.768008893059466,-73.96845281124116,1624.0,E 66 St & Madison Ave,1607
632,40.7682,-73.9322662,422.0,31 Ave & 14 St,427
633,40.768254,-73.988639,3589.0,W 56 St & 10 Ave,3625
634,40.768692,-73.9249574,664.0,Crescent St & 30 Ave,656
635,40.76873687,-73.96119945,1084.0,3 Ave & E 71 St,1076
636,40.7687620293096,-73.95840793848038,3754.0,2 Ave & E 72 St,3617
637,40.7689738,-73.95482273,3395.0,E 74 St & 1 Ave,3402
638,40.76915505,-73.98191841,12274.0,Broadway & W 60 St,12125
639,40.7691572,-73.96703464,1326.0,E 68 St & Madison Ave,1282
640,40.7692475,-73.93545040000001,716.0,Vernon Blvd & 31 Ave,728
641,40.76991760000001,-73.91840570000001,777.0,31 St & Astoria Blvd,775
642,40.7699426,-73.96060712,1322.0,3 Ave & E 72 St,1333
643,40.7701477,-73.9120938,439.0,37 St & 24 Ave,430
644,40.77037429999999,-73.9286078,540.0,30 Ave & 21 St,538
645,40.770513,-73.988038,5497.0,W 59 St & 10 Ave,4634
646,40.770845,-73.93417099999999,832.0,Vernon Blvd & 30 Rd,807
647,40.77112927,-73.95772297,2036.0,E 75 St & 3 Ave,2041
648,40.771152799999996,-73.9170074,417.0,31 St & Hoyt Ave N,393
649,40.77118287540658,-73.96409422159195,2614.0,E 72 St & Park Ave,2581
650,40.7713615,-73.9246145,921.0,Newtown Ave & 23 St,915
651,40.771393700000004,-73.9077436,641.0,Steinway St & 23 Ave,631
652,40.77140426,-73.9535166,5117.0,1 Ave & E 78 St,5104
653,40.771496710544405,-73.99046033620834,6774.0,11 Ave & W 59 St,6780
654,40.77163851,-73.98261428,5785.0,W 63 St & Broadway,5084
655,40.7724607,-73.9468208,1618.0,E 82 St & East End Ave,1642
656,40.7727966,-73.95577801,1908.0,E 78 St & 2 Ave,1935
657,40.77282817,-73.96685276,6116.0,5 Ave & E 73 St,6073
658,40.7728384,-73.94989233,2379.0,E 81 St & York Ave,2386
659,40.7729,-73.91614200000001,580.0,24 Ave & 29 St,557
660,40.77314236,-73.95856158,2135.0,E 77 St & 3 Ave,2149
661,40.7734066,-73.97782542,7271.0,Central Park West & W 68 St,6253
662,40.773763,-73.96222088,2125.0,E 76 St & Park Ave,2136
663,40.7739825,-73.93091340000001,526.0,27 Ave & 9 St,522
664,40.774591,-73.918544,597.0,24 Ave & 26 St,591
665,40.774645,-73.92370600000001,513.0,21 St & Hoyt Ave S,506
666,40.7746671,-73.98470567,2458.0,Amsterdam Ave & W 66 St,2478
667,40.77477944895728,-73.95427465438844,2281.0,E 81 St & 2 Ave,2298
668,40.7747878,-73.91255509999999,2136.0,31 St & 23 Ave,2124
669,40.77485,-73.9342,188.0,27 Ave & 3 St,202
670,40.77492513,-73.98266566,4619.0,W 67 St & Broadway,4390
671,40.77515953434235,-73.98918695747851,4082.0,W 64 St & Thelonious Monk Circle,3846
672,40.77518615,-73.94446054,1046.0,East End Ave & E 86 St,1046
673,40.77536905,-73.94803392,1510.0,E 85 St & York Ave,1512
674,40.77565541,-73.95068615,2911.0,E 84 St & 1 Ave,2921
675,40.77573034,-73.9567526,1771.0,E 81 St & 3 Ave,1774
676,40.77579376683666,-73.97620573639871,7385.0,Central Park West & W 72 St,6620
677,40.776165,-73.9153175,407.0,23 Ave & 27 St,394
678,40.776173,-73.959757,763.0,E 80 St & Park Ave,773
679,40.77632142182271,-73.96427392959596,4228.0,5 Ave & E 78 St,4170
680,40.7767,-73.927631,854.0,Astoria Park S & Shore Blvd,854
681,40.7770575,-73.97898475,7489.0,Columbus Ave & W 72 St,5915
682,40.777455200000006,-73.9225403,639.0,19 St & 24 Ave,629
683,40.77748046,-73.98288594,4515.0,W 70 St & Amsterdam Ave,4213
684,40.777507027547976,-73.98888587951659,3643.0,Riverside Blvd & W 67 St,3482
685,40.777553742988864,-73.95512759685515,3800.0,E 84 St & 3 Ave,3814
686,40.7779453,-73.94604100000001,2053.0,E 89 St & York Ave,2055
687,40.7781314,-73.96069399,2991.0,Madison Ave & E 82 St,2967
688,40.778301,-73.9488134,2494.0,E 88 St & 1 Ave,2510
689,40.7785669,-73.97754961,2269.0,W 74 St & Columbus Ave,2166
690,40.77862688,-73.95772073,1930.0,E 84 St & Park Ave,1889
691,40.7787185,-73.9145645,466.0,Crescent St & Ditmars Blvd,460
692,40.77896784,-73.97374737,4386.0,Central Park West & W 76 St,4094
693,40.779668090073116,-73.98093044757842,6195.0,Amsterdam Ave & W 73 St,6026
694,40.7801839724239,-73.97728532552719,3872.0,W 76 St & Columbus Ave,3018
695,40.780577990103346,-73.98562431335448,3705.0,Riverside Dr & W 72 St,3672
696,40.7806284,-73.9521667,2463.0,E 89 St & 3 Ave,2450
697,40.781122299341654,-73.94965589046478,2718.0,E 91 St & 2 Ave,2734
698,40.781410700190015,-73.95595908164978,1467.0,E 88 St & Park Ave,1479
699,40.78145,-73.9183302,909.0,Ditmars Blvd & 19 St,889
700,40.78172120000001,-73.94594000000001,1723.0,1 Ave & E 94 St,1740
701,40.78245417527987,-73.94891962409021,1582.0,E 93 St & 2 Ave,1604
702,40.782593,-73.971211,4169.0,Central Park West & W 82 St,3705
703,40.7829391,-73.9786517,3741.0,Amsterdam Ave & W 79 St,3749
704,40.78307,-73.95939,7186.0,5 Ave & E 88 St,7220
705,40.78339981,-73.98093133,2352.0,W 78 St & Broadway,2352
706,40.7835016,-73.955327,1577.0,E 91 St & Park Ave,1574
707,40.7839636,-73.94716729999999,3034.0,2 Ave & E 96 St,3066
708,40.78414472,-73.98362492,2430.0,Riverside Dr & W 78 St,2423
709,40.784596798848916,-73.94968539476396,383.0,3 Ave & E 95 St,381
710,40.78472675,-73.96961715,4923.0,Central Park West & W 85 St,4707
711,40.7849032,-73.950503,709.0,E 95 St & 3 Ave,723
712,40.78499979,-73.97283406,2743.0,W 84 St & Columbus Ave,2651
713,40.78524672,-73.97667321,3631.0,Amsterdam Ave & W 82 St,3534
714,40.785785100000005,-73.957481,2458.0,5 Ave & E 93 St,2433
715,40.7859201,-73.94860294,870.0,E 97 St & 3 Ave,875
716,40.786258600000004,-73.94552579,944.0,2 Ave & E 99 St,940
717,40.7867947,-73.977112,3261.0,W 84 St & Broadway,2670
718,40.7869946,-73.94164802,2377.0,E 102 St & 1 Ave,2385
719,40.78720869,-73.98128127,2447.0,Riverside Dr & W 82 St,2454
720,40.787721399999995,-73.94728331,627.0,3 Ave & E 100 St,639
721,40.787801,-73.953559,2063.0,E 97 St & Madison Ave,2073
722,40.788129999999995,-73.95206,742.0,E 98 St & Park Ave,739
723,40.7882213,-73.97041561,3188.0,W 89 St & Columbus Ave,2864
724,40.78839,-73.9747,2106.0,W 87 St & Amsterdam Ave,2015
725,40.789210499999996,-73.94370784,1552.0,2 Ave & E 104 St,1557
726,40.7892529,-73.93956237,932.0,E 106 St & 1 Ave,933
727,40.78948541553215,-73.9524292945862,1323.0,Madison Ave & E 99 St,1323
728,40.789621999999994,-73.97757,2065.0,W 87 St & West End Ave,2016
729,40.79017948095081,-73.97288918495178,1560.0,W 90 St & Amsterdam Ave,1571
730,40.790305100000005,-73.94755757,1395.0,E 103 St & Lexington Ave,1391
731,40.7904828,-73.95033068,1068.0,E 102 St & Park Ave,1090
732,40.791270000000004,-73.964839,5109.0,Central Park W & W 96 St,4498
733,40.7919557,-73.968087,4122.0,Columbus Ave & W 95 St,4122
734,40.791976,-73.945993,968.0,E 106 St & Lexington Ave,972
735,40.7921,-73.9739,1898.0,W 92 St & Broadway,1922
736,40.792255299999994,-73.95249933,3080.0,5 Ave & E 103 St,3086
737,40.7923272,-73.9383,1538.0,1 Ave & E 110 St,1532
738,40.793134809866636,-73.97700369358063,1780.0,Riverside Dr & W 91 St,1794
739,40.79329668,-73.9432083,1081.0,E 109 St & 3 Ave,1084
740,40.79343370000001,-73.94945003,1120.0,E 106 St & Madison Ave,1112
741,40.7937704,-73.971888,3092.0,W 95 St & Broadway,3092
742,40.794066608185524,-73.96286845207214,3135.0,Central Park West & W 100 St,3082
743,40.7941654,-73.974124,1979.0,West End Ave & W 94 St,1980
744,40.79456629999999,-73.9362541,851.0,E 114 St & 1 Ave,849
745,40.794987899999995,-73.9333349,1953.0,Pleasant Ave & E 116 St,1955
746,40.795,-73.9645,1991.0,W 100 St & Manhattan Ave,1912
747,40.795346,-73.96186,1405.0,Central Park West & W 102 St,1279
748,40.79541210000001,-73.9441232,1392.0,Lexington Ave & E 111 St,1419
749,40.795508,-73.94160600000001,518.0,3 Ave & E 112 St,514
750,40.796153499999996,-73.94782145,2039.0,E 110 St & Madison Ave,2048
751,40.796879,-73.93726099999999,404.0,E 116 St & 2 Ave,407
752,40.7969347,-73.9643412291,448.0,Columbus Ave & W 103 St,434
753,40.797372100000004,-73.97041192,2723.0,W 100 St & Broadway,2665
754,40.797470000000004,-73.93504,1057.0,E 118 St & 1 Ave,1068
755,40.7974772,-73.9311847,847.0,Pleasant Ave & E 120 St,848
756,40.797911,-73.9423,1233.0,E 115 St & Lexington Ave,1238
757,40.798185600000004,-73.96059090060001,3130.0,W 106 St & Central Park West,2772
758,40.7987859,-73.9523,3994.0,Lenox Ave & W 111 St,4126
759,40.7989445,-73.944846,778.0,E 115 St & Madison Ave,782
760,40.79904139288298,-73.96649479866028,1544.0,W 104 St & Amsterdam Ave,1394
761,40.799139000000004,-73.9389152,1121.0,E 118 St & 3 Ave,1127
762,40.799484,-73.955613,4991.0,Central Park North & Adam Clayton Powell Blvd,5067
763,40.7997568,-73.9621128676,312.0,W 107 St & Columbus Ave,295
764,40.8005385,-73.9419949,562.0,E 118 St & Park Ave,588
765,40.8006721,-73.9349,371.0,2 Ave & E 122 St,382
766,40.80083629999999,-73.9664492472,1756.0,W 106 St & Amsterdam Ave,1753
767,40.8011939,-73.9500739,1207.0,Lenox Ave & W 115 St,1264
768,40.8013066,-73.93981670000001,726.0,Lexington Ave & E 120 St,733
769,40.8013434,-73.97114574390001,1806.0,Riverside Dr & W 104 St,1816
770,40.801486600000004,-73.9442507,864.0,E 118 St & Madison Ave,863
771,40.801694,-73.957145,2055.0,Frederick Douglass Blvd & W 112 St,2097
772,40.8021174,-73.9681805305,1387.0,West End Ave & W 107 St,1370
773,40.802535,-73.9532423,528.0,Adam Clayton Powell Blvd & W 115 St,532
774,40.8025566,-73.9490782,2069.0,Lenox Ave & W 117 St,2060
775,40.802692,-73.96295,2130.0,W 110 St & Amsterdam Ave,1718
776,40.802926299999996,-73.9379,934.0,E 123 St & Lexington Ave,918
777,40.80295,-73.942954,632.0,Madison Ave & E 120 St,645
778,40.8038654,-73.95593079999999,1669.0,Frederick Douglass Blvd & W 115 St,1733
779,40.804038,-73.945925,1083.0,Mt Morris Park W & W 120 St,1087
780,40.804213,-73.96699104,2088.0,Cathedral Pkwy & Broadway,1932
781,40.804372,-73.951475,870.0,Adam Clayton Powell Blvd & W 118 St,870
782,40.8045555,-73.93968609999999,3241.0,Park Ave & E 124 St,3226
783,40.805159,-73.95469200000001,2525.0,Frederick Douglass Blvd & W 117 St,2552
784,40.805726,-73.936322,644.0,Lexington Ave & E 127 St,671
785,40.805973,-73.964928,1375.0,W 113 St & Broadway,1333
786,40.8067581,-73.9607082,1552.0,W 116 St & Amsterdam Ave,1475
787,40.806979999999996,-73.94174699999999,933.0,5 Ave & E 126 St,924
788,40.807559999999995,-73.93918199999999,766.0,E 128 St & Madison Ave,774
789,40.8078316,-73.949373,1035.0,Adam Clayton Powell Blvd & W 123 St,1034
790,40.8082,-73.9641,1477.0,W 116 St & Broadway,1345
791,40.808442,-73.94520870000001,1977.0,Lenox Ave & W 126 St,2075
792,40.8086249,-73.9596214,1079.0,Amsterdam Ave & W 119 St,1076
793,40.809495347779475,-73.94776493310928,811.0,Adam Clayton Powell Blvd & W 126 St,862
794,40.809725,-73.953149,2125.0,St Nicholas Ave & Manhattan Ave,2140
795,40.81,-73.9551508,975.0,Morningside Ave & W 123 St,980
796,40.81028506306003,-73.95736455917357,413.0,Morningside Dr & Amsterdam Ave,396
797,40.8107922,-73.9430681,1854.0,Lenox Ave & W 130 St,1863
798,40.8109494,-73.9634,1074.0,W 120 St & Claremont Ave,1041
799,40.8114323,-73.95187759999999,1555.0,St. Nicholas Ave & W 126 St,1578
800,40.8120562,-73.9612547,729.0,Broadway & W 122 St,727
801,40.8125511,-73.9492286,986.0,Frederick Douglass Blvd & W 129 St,998
802,40.813358,-73.956461,1062.0,Amsterdam Ave & W 125 St,1081
803,40.8143256,-73.9590255,2072.0,Broadway & Moylan Pl,2094
804,40.81439443791581,-73.95324736833571,771.0,W 129 St & Convent Ave,784
805,40.711242299999995,-74.0557013,,Liberty Light Rail,2
806,40.7124188237569,-74.03852552175522,,Morris Canal,1
807,40.7141454,-74.0335519,,Paulus Hook,1
808,40.71458403535893,-74.04281705617905,,Marin Light Rail,2
809,40.71644423134479,-73.9823305606842,,NYCBS DEPOT - DELANCEY,20
810,40.71649,-74.04105,,York St,1
811,40.71653978099194,-74.0496379137039,,JC Medical Center,2
812,40.717732500000004,-74.04384499999999,,City Hall,1
813,40.71821129999999,-74.08363940000001,,Union St,1
814,40.71848892,-74.047726625,,Van Vorst Park,2
815,40.71925170000001,-74.034234,,Harborside,1
816,40.7272235,-74.03375890000001,,Newport PATH,1
817,40.73089709786179,-74.06391263008119,,Sip Ave,1
818,40.73492695,-73.99200509,,University Pl & E 14 St (old),2
819,40.748715945380226,-74.04044330120088,,Heights Elevator,2
